Umur,JumlahPinjaman,LamaBekerja,Pendidikan,StatusPerkawinan,Pekerjaan,TujuanPinjaman,KodeKota,RiwayatPinjaman,StatusPinjaman
51,11410000.0,17,3,2,4,4,47,0,1
35,15220000.0,9,0,0,3,3,55,1,0
25,5050000.0,2,4,2,0,0,74,0,0
42,17200000.0,15,1,1,3,3,22,0,1
50,9520000.0,16,2,2,1,2,75,1,0
40,10240000.0,5,4,2,4,0,6,0,0
21,8880000.0,15,0,0,0,3,58,0,0
26,12200000.0,11,2,1,1,0,75,0,0
31,9920000.0,4,1,1,3,2,62,0,1
37,12790000.0,2,4,0,1,3,21,0,0
28,15330000.0,2,1,0,3,4,27,0,0
49,13490000.0,16,3,2,3,3,75,0,0
22,6630000.0,17,0,1,0,1,35,0,0
41,16910000.0,16,2,2,1,2,51,0,0
32,16960000.0,11,3,0,1,3,75,1,0
34,11120000.0,17,2,2,1,3,1,1,1
56,5510000.0,7,3,2,2,2,15,1,0
32,9750000.0,4,1,2,4,3,51,0,1
52,11510000.0,12,1,2,0,0,14,0,0
46,5820000.0,2,4,2,1,0,46,0,0
41,6660000.0,8,3,2,1,0,1,0,0
52,14960000.0,14,2,1,2,0,65,0,0
37,9640000.0,5,2,2,3,0,15,0,0
31,16920000.0,3,2,2,4,0,77,0,0
42,12920000.0,0,3,2,2,3,37,0,0
57,13050000.0,19,1,1,2,4,8,0,0
41,9950000.0,9,1,0,1,4,38,0,1
33,7130000.0,12,1,2,1,0,16,0,1
25,11100000.0,12,4,2,3,3,8,0,0
44,9130000.0,9,0,2,0,4,21,0,0
27,3340000.0,6,4,1,4,3,41,0,1
19,4520000.0,2,4,0,2,1,21,0,0
18,11650000.0,1,1,2,4,3,17,0,1
49,9760000.0,11,4,0,1,4,58,1,0
32,17230000.0,13,1,0,1,3,45,0,0
19,10630000.0,19,4,2,2,1,34,0,0
20,20730000.0,4,4,0,0,0,75,0,0
57,22630000.0,1,0,0,0,2,16,1,1
26,63957347.0,10,2,1,1,1,61,1,0
53,6350000.0,19,4,1,2,1,48,1,0
30,2040000.0,12,3,2,1,3,75,0,0
50,16390000.0,17,3,1,1,1,47,0,0
38,9510000.0,7,2,0,4,4,52,1,0
45,8590000.0,8,3,1,1,1,63,1,0
24,10720000.0,9,1,2,2,3,0,0,0
58,8200000.0,12,3,2,3,1,36,0,0
56,9070000.0,0,2,1,4,2,71,0,0
53,17050000.0,5,4,0,2,4,15,0,0
46,9350000.0,0,0,1,0,4,70,0,0
50,10720000.0,13,4,0,0,1,72,0,0
33,7550000.0,14,1,0,2,4,18,0,1
34,8760000.0,16,4,2,3,0,76,0,1
56,14360000.0,0,1,2,2,3,11,0,0
29,4060000.0,16,0,1,0,2,29,0,0
43,6770000.0,13,2,2,3,2,51,0,1
23,8060000.0,6,2,1,4,4,22,1,0
23,12850000.0,10,3,0,4,0,20,0,0
47,7900000.0,3,2,1,1,3,20,0,0
23,18680000.0,13,1,0,2,0,20,0,0
46,12950000.0,17,4,0,4,0,67,0,0
35,12680000.0,13,2,1,0,0,15,0,0
37,10380000.0,19,1,1,1,3,43,0,1
35,12270000.0,14,0,2,0,2,10,1,1
53,10720000.0,11,1,2,2,0,60,0,1
32,15540000.0,12,2,2,3,2,48,1,0
42,7350000.0,18,0,0,4,3,11,0,1
41,10380000.0,18,2,1,0,4,51,0,0
24,5840000.0,15,2,0,2,3,11,1,0
24,17380000.0,2,4,0,3,4,4,0,1
43,7850000.0,17,3,0,4,1,26,0,1
37,3050000.0,19,0,2,4,4,24,0,0
26,-770000.0,5,4,0,2,3,59,0,0
50,11190000.0,7,3,2,1,4,67,0,1
55,14990000.0,4,0,2,3,0,14,0,1
50,6230000.0,0,3,0,4,1,39,0,0
52,10750000.0,3,3,2,3,4,59,0,0
35,17500000.0,4,3,0,2,3,64,1,0
40,15940000.0,4,2,2,1,3,27,0,0
50,10720000.0,3,3,2,2,0,18,0,0
29,10710000.0,16,3,1,3,4,4,0,1
45,9550000.0,14,4,1,1,4,20,0,1
24,10720000.0,12,1,2,2,2,57,0,0
51,12540000.0,17,4,0,2,4,6,0,1
32,5170000.0,3,0,1,2,4,72,0,0
50,12110000.0,19,1,0,0,0,62,1,0
25,11840000.0,1,3,1,4,4,27,1,1
20,11040000.0,9,3,2,2,0,75,1,1
39,9070000.0,8,4,0,2,1,73,0,0
54,13190000.0,19,4,2,4,3,22,0,0
31,8700000.0,6,4,1,4,3,39,0,0
52,3330000.0,5,1,2,1,0,46,0,1
25,13540000.0,19,4,0,3,3,43,1,0
19,10520000.0,2,2,0,0,0,9,0,0
42,8780000.0,14,4,1,1,3,42,0,0
40,8980000.0,5,4,2,3,4,28,0,0
42,21260000.0,2,3,2,1,0,73,0,1
25,9160000.0,16,0,1,3,3,31,1,1
43,19230000.0,4,1,2,2,4,65,0,0
36,11170000.0,1,4,2,3,0,21,0,0
39,17270000.0,1,2,2,0,1,12,0,1
52,8150000.0,1,3,1,2,3,12,0,0
22,4930000.0,0,3,1,3,4,24,1,1
55,8590000.0,12,1,0,1,1,54,1,0
20,18070000.0,15,4,1,3,1,66,1,0
40,10720000.0,4,3,0,4,4,69,0,0
59,11430000.0,19,3,1,1,1,55,0,0
22,11090000.0,12,2,1,0,3,17,1,1
18,15240000.0,4,3,2,0,3,59,0,0
39,16880000.0,15,1,1,1,4,31,1,0
49,13250000.0,12,0,0,4,3,3,0,1
56,6540000.0,19,4,2,0,0,29,0,0
43,22900000.0,10,3,1,4,2,51,0,0
59,10080000.0,17,1,2,0,2,64,1,0
42,11170000.0,5,0,0,2,0,52,0,0
30,10720000.0,7,4,1,2,3,49,0,1
25,9810000.0,13,0,2,1,3,61,0,0
26,63957347.0,13,4,0,1,3,13,0,0
52,2120000.0,4,3,0,3,3,46,0,0
20,11890000.0,7,1,2,1,3,23,0,1
43,6810000.0,8,4,0,4,2,7,0,0
37,8710000.0,12,3,0,3,4,13,0,0
58,17520000.0,12,2,2,0,2,59,1,1
40,11610000.0,3,2,1,1,1,5,0,1
28,13550000.0,5,1,1,1,0,17,0,0
45,7710000.0,7,1,2,2,4,68,0,0
35,2680000.0,11,0,2,3,1,30,0,0
45,9260000.0,3,4,2,1,2,36,0,1
51,6550000.0,7,4,1,4,3,41,0,0
32,4890000.0,4,3,0,3,0,43,0,1
41,13510000.0,6,2,1,0,0,40,0,0
20,13370000.0,18,4,2,1,3,8,0,0
18,6500000.0,7,3,1,2,4,19,0,1
34,10670000.0,0,0,1,1,1,57,0,0
52,10720000.0,3,2,1,1,4,12,0,1
53,8790000.0,3,2,0,3,2,48,1,0
21,11670000.0,19,4,2,1,2,5,0,0
19,10300000.0,18,1,2,4,2,30,0,0
39,9830000.0,17,4,0,3,3,73,0,1
41,7390000.0,14,3,2,0,2,42,0,0
52,7530000.0,18,1,1,0,4,16,1,1
32,7410000.0,13,3,0,2,2,20,1,1
50,8400000.0,11,2,2,0,0,7,0,0
24,-760000.0,18,1,1,4,2,18,0,0
22,10960000.0,7,1,0,0,2,39,1,0
37,1300000.0,8,1,2,0,3,18,0,0
42,2220000.0,5,4,2,2,4,70,0,1
29,6160000.0,19,4,0,3,0,51,0,0
24,12000000.0,4,2,0,0,1,60,0,1
57,12390000.0,1,3,2,3,1,47,1,0
56,10720000.0,16,1,1,4,2,20,0,0
